model,rmse,mae,r2
Baseline,5.411667849940278,4.337417665110551,0.10894206844222598
With Clusters,5.330877296663601,4.1987710551218775,0.13534860501487866
