,rmse,mae,r2,n_train,n_val
1,8.820714132539104,6.997441317941317,-3.431930254884657,117,3
