circuit,cluster,prob_cluster_0,prob_cluster_1,prob_cluster_2
0,2,0.0,0.0,1.0
1,1,1.5425007356028766e-71,1.0,0.0
2,0,1.0,0.0,0.0
3,0,1.0,0.0,0.0
4,1,3.184969146937021e-64,1.0,0.0
5,0,1.0,0.0,0.0
6,0,1.0,0.0,0.0
7,0,1.0,0.0,0.0
9,0,1.0,0.0,0.0
10,0,1.0,0.0,0.0
11,0,1.0,0.0,0.0
12,1,2.176972849398529e-55,1.0,0.0
13,0,1.0,0.0,0.0
14,2,0.0,0.0,1.0
15,0,1.0,0.0,0.0
16,0,1.0,0.0,0.0
17,1,2.577081071392444e-221,1.0,0.0
18,0,1.0,0.0,0.0
