Model,MAE,RMSE,R²,Median Error,P90 Error,Train Time (s)
Random Forest,0.7698412698412701,0.9279059886699318,0.9738029958297559,0.77,1.508,0.1549689769744873
Ridge Regression,0.8275798203612641,1.0302272635364882,0.9677068989675198,0.6915620118178047,1.57926305470914,1.2769660949707031
Linear Regression,0.9062822117610638,1.2160468196708274,0.955007070981314,0.677399995675291,2.112635205610142,0.0021219253540039062
