Ensemble,Train MAE,Val MAE,Val RMSE,Val R²,Median Error,P90 Error,Train Time (s),Overfitting
Voting (weighted),0.15199629032138384,0.5831984858516795,0.7067849634656606,0.9848008858410815,0.5335569452124389,1.1232555022549648,1.2294893264770508,-0.4312021955302957
Voting (equal),0.15212653413283464,0.5845651341124359,0.7082973608571892,0.98473576930351,0.5307860999948861,1.1172978674051322,1.5691442489624023,-0.4324385999796013
catboost (individual),,0.5916152390558514,0.7858890472964257,0.9812082967220083,0.4447724679488445,1.4072401851284735,0.0,
lightgbm (individual),,0.6268712145269937,0.7525063149877934,0.982770845256278,0.5516030179008489,1.2268710383753103,0.0,
xgboost (individual),,0.6671041534060523,0.8469507530104803,0.9781747116154996,0.6318874359130859,1.3196060180664069,0.0,
Stacking,0.35975888900120495,0.7618571787720438,1.0880643266396466,0.9639792445090989,0.5778558220410241,1.6750339979142241,3.012026071548462,-0.4020982897708389
Stacking (passthrough),0.4191393760606141,1.0117960502423535,1.262832845753878,0.9514783665937876,0.8601866046933466,2.057765093967548,2.6645419597625732,-0.5926566741817394
